City,FAA,IATA,ICAO,Airport,Role,Enplanements,Country,State,Address
Birmingham,BHM,BHM,KBHM,Birmingham–Shuttlesworth International Airport,P-S,"1,457,562",United States,ALABAMA,"""5900 Messer Airport Hwy, Birmingham, AL 35212"""
Dothan,DHN,DHN,KDHN,Dothan Regional Airport,P-N,"52,855",United States,ALABAMA,"""800 Airport Dr, Dothan, AL 36303"""
Huntsville,HSV,HSV,KHSV,Huntsville International Airport (Carl T. Jones Field),P-S,"580,932",United States,ALABAMA,"""1000 Glenn Hearn Blvd SW, Huntsville, AL 35824"""
Mobile,MOB,MOB,KMOB,Mobile Regional Airport,P-N,"297,544",United States,ALABAMA,"""8400 Airport Blvd, Mobile, AL 36608"""
Montgomery,MGM,MGM,KMGM,Montgomery Regional Airport (Dannelly Field),P-N,"170,544",United States,ALABAMA,"""4445 Selma Hwy, Montgomery, AL 36108"""
Anchorage,LHD,,PALH,Lake Hood Seaplane Base (also Lake Hood Airstrip),P-N,"12,898",United States,ALASKA,"""Lake Hood Seaplane Base, Anchorage, AK 99530"""
Anchorage,MRI,MRI,PAMR,Merrill Field,P-N,"10,478",United States,ALASKA,"""800 Merrill Field Dr, Anchorage, AK 99501"""
Anchorage,ANC,ANC,PANC,Ted Stevens Anchorage International Airport,P-M,"2,642,607",United States,ALASKA,"""5000 W International Airport Rd, Anchorage, AK 99502"""
Aniak,ANI,ANI,PANI,Aniak Airport,P-N,"12,853",United States,ALASKA,"""Aniak Airport, Aniak, AK 99557"""
Bethel,BET,BET,PABE,Bethel Airport (also see Bethel Seaplane Base),P-N,"160,110",United States,ALASKA,"""Bethel Seaplane Base, Bethel, AK 99559"""
Cordova,CDV,CDV,PACV,Merle K. (Mudhole) Smith Airport,P-N,"17,654",United States,ALASKA,"""Merle K (Mudhole) Smith Airport, Cordova, AK 99574"""
Deadhorse,SCC,SCC,PASC,Deadhorse Airport (Prudhoe Bay Airport),P-N,"43,655",United States,ALASKA,"""1 Airport Way, Prudhoe Bay, AK 99734"""
Dillingham,DLG,DLG,PADL,Dillingham Airport,P-N,"34,496",United States,ALASKA,"""803 Airport Rd, Dillingham, AK 99576"""
Fairbanks,FAI,FAI,PAFA,Fairbanks International Airport,P-S,"549,289",United States,ALASKA,"""6450 Airport Way, Fairbanks, AK 99709"""
Gustavus,GST,GST,PAGS,Gustavus Airport,P-N,"11,023",United States,ALASKA,"""1 Airport Way, Gustavus, AK 99826"""
Homer,HOM,HOM,PAHO,Homer Airport,P-N,"46,867",United States,ALASKA,"""3720 Faa St, Homer, AK 99603"""
Juneau,JNU,JNU,PAJN,Juneau International Airport,P-N,"440,277",United States,ALASKA,"""1873 Shell Simmons Dr, Juneau, AK 99801'"
Kenai,ENA,ENA,PAEN,Kenai Municipal Airport,P-N,"93,889",United States,ALASKA,"""305 N Willow St, Kenai, AK 99611"""
Ketchikan,KTN,KTN,PAKT,Ketchikan International Airport,P-N,"135,389",United States,ALASKA,"""1000 Airport Terminal Building, Ketchikan, AK 99901"""
King Salmon,AKN,AKN,PAKN,King Salmon Airport,P-N,"44,131",United States,ALASKA,"""1 King Salmon Airport Rd, King Salmon, AK 99613"""
Klawock,AKW,KLW,PAKW,Klawock Airport (also see Klawock Seaplane Base),P-N,"13,503",United States,ALASKA,"""Klawock Seaplane Base, Klawock, AK 99925"""
Kodiak,ADQ,ADQ,PADQ,Kodiak Airport (Benny Benson State Airport),P-N,"81,652",United States,ALASKA,"""1427 Airport Way, Kodiak, AK 99615"""
Kotzebue,OTZ,OTZ,PAOT,Ralph Wien Memorial Airport,P-N,"69,070",United States,ALASKA,"""100 Airport Access Rd, Kotzebue, AK 99752""1427 Airport Way, Kodiak, AK 99615"""
Nome,OME,OME,PAOM,Nome Airport,P-N,"64,122",United States,ALASKA,"""227 Airport Rd, Nome, AK 99762"""
Petersburg,PSG,PSG,PAPG,Petersburg James A. Johnson Airport,P-N,"24,520",United States,ALASKA,"""1450 Haugen Dr, Petersburg, AK 99833"""
St. Mary's,KSM,KSM,PASM,St. Mary's Airport,P-N,"11,442",United States,ALASKA,"""Airport Rd, St Mary's, AK 99658"""
Sitka,SIT,SIT,PASI,Sitka Rocky Gutierrez Airport,P-N,"87,119",United States,ALASKA,"""601 Airport Rd, Sitka, AK 99835"""
Unalakleet,UNK,UNK,PAUN,Unalakleet Airport,P-N,"16,208",United States,ALASKA,"""Airport Rd, Unalakleet, AK 99684"""
Unalaska,DUT,DUT,PADU,Unalaska Airport (Tom Madsen/Dutch Harbor Airport),P-N,"29,229",United States,ALASKA,"""429 Airport Beach Rd, Unalaska, AK 99692"""
Utqiaġvik (Barrow),BRW,BRW,PABR,Wiley Post–Will Rogers Memorial Airport,P-N,"46,450",United States,ALASKA,"""Terminal, 1749 Akavak St, Utqiagvik, AK 99723"""
Valdez,VDZ,VDZ,PAVD,Valdez Airport (Pioneer Field),P-N,"10,050",United States,ALASKA,"""Valdez Airport, Valdez, AK 99686"""
Wrangell,WRG,WRG,PAWG,Wrangell Airport (also see Wrangell Seaplane Base),P-N,"14,033",United States,ALASKA,"""1 Airport Rd, Wrangell, AK 99929"""
Yakutat,YAK,YAK,PAYA,Yakutat Airport (also see Yakutat Seaplane Base),P-N,"11,880",United States,ALASKA,"""1 Airport Rd, Yakutat, AK 99689"""
Bullhead City,IFP,IFP,KIFP,Laughlin/Bullhead International Airport,P-N,"131,294",United States,ARIZONA,"""2550 Laughlin View Dr, Bullhead City, AZ 86429"""
Flagstaff,FLG,FLG,KFLG,Flagstaff Pulliam Airport,P-N,"67,793",United States,ARIZONA,"""6200 S Pulliam Dr, Flagstaff, AZ 86005"""
Grand Canyon,GCN,GCN,KGCN,Grand Canyon National Park Airport,P-N,"289,278",United States,ARIZONA,"""1542 Liberator Dr, Grand Canyon Village, AZ 86023"""
Mesa,IWA,AZA,KIWA,Phoenix–Mesa Gateway Airport (formerly Williams AFB),P-S,"778,972",United States,ARIZONA,"""6033 S Sossaman Rd, Mesa, AZ 85212"""
Page,PGA,PGA,KPGA,Page Municipal Airport,P-N,"25,387",United States,ARIZONA,"""238 N 10th Ave, Page, AZ 86040"""
Phoenix,PHX,PHX,KPHX,Phoenix Sky Harbor International Airport,P-L,"21,662,580",United States,ARIZONA,"""3400 E Sky Harbor Blvd, Phoenix, AZ 85034"""
Prescott,PRC,PRC,KPRC,Prescott Municipal Airport (Ernest A. Love Field),P-N,"10,337",United States,ARIZONA,"""6600 Airport Ave, Prescott, AZ 86301"""
Tucson,TUS,TUS,KTUS,Tucson International Airport,P-S,"1,753,227",United States,ARIZONA,"""7250 S Tucson Blvd, Tucson, AZ 85756"""
Yuma,NYL,YUM,KNYL,Yuma International Airport / MCAS Yuma,P-N,"79,731",United States,ARIZONA,"""2191 E 32nd St #218, Yuma, AZ 85365"""
Fayetteville,XNA,XNA,KXNA,Northwest Arkansas National Airport,P-S,"759,127",United States,ARKANSAS,"""1 Airport Blvd, Bentonville, AR 72712"""
Fort Smith,FSM,FSM,KFSM,Fort Smith Regional Airport,P-N,"86,793",United States,ARKANSAS,"""6700 McKennon Blvd Ste 200, Fort Smith, AR 72903"""
Little Rock,LIT,LIT,KLIT,Clinton National Airport (Adams Field) (was Little Rock National),P-S,"1,031,258",United States,ARKANSAS,"""1 Airport Rd, Little Rock, AR 72202"""
Texarkana,TXK,TXK,KTXK,Texarkana Regional Airport (Webb Field),P-N,"37,599",United States,ARKANSAS,"""201 Airport Dr, Texarkana, AR 71854"""
Arcata/Eureka,ACV,ACV,KACV,Arcata Airport,P-N,"69,575",United States,CALIFORNIA,"""3561 Boeing Ave, McKinleyville, CA 95519"""
Bakersfield,BFL,BFL,KBFL,Meadows Field,P-N,"105,104",United States,CALIFORNIA,"""3701 Wings Way, Bakersfield, CA 93308"""
Burbank,BUR,BUR,KBUR,Hollywood Burbank Airport (was Bob Hope Airport),P-M,"2,680,240",United States,CALIFORNIA,"""2627 N Hollywood Way, Burbank, CA 91505"""
Concord,CCR,CCR,KCCR,Buchanan Field Airport,P-N,"13,077",United States,CALIFORNIA,"""550 Sally Ride Dr, Concord, CA 94520"""
Fresno,FAT,FAT,KFAT,Fresno Yosemite International Airport,P-S,"853,538",United States,CALIFORNIA,"""5175 E Clinton Way, Fresno, CA 93727"""
Long Beach,LGB,LGB,KLGB,Long Beach Airport (Daugherty Field),P-S,"1,908,635",United States,CALIFORNIA,"""4100 Donald Douglas Dr, Long Beach, CA 90808"""
Los Angeles,LAX,LAX,KLAX,Los Angeles International Airport,P-L,"42,624,050",United States,CALIFORNIA,"""1 World Way, Los Angeles, CA 90045"""
Mammoth Lakes,MMH,MMH,KMMH,Mammoth Yosemite Airport,P-N,"23,522",United States,CALIFORNIA,"""1300 Airport Rd, Mammoth Lakes, CA 93546"""
Monterey,MRY,MRY,KMRY,Monterey Regional Airport (was Monterey Peninsula Airport),P-N,"186,806",United States,CALIFORNIA,"""200 Fred Kane Dr, Monterey, CA 93940"""
Oakland,OAK,OAK,KOAK,Oakland International Airport,P-M,"6,686,603",United States,CALIFORNIA,"""1 Airport Dr, Oakland, CA 94621"""
Ontario,ONT,ONT,KONT,Ontario International Airport,P-M,"2,498,993",United States,CALIFORNIA,"""Terminal 1 Ontario International Airport 1940 E, Moore"" Way, Ontario, CA 91761"""
Orange County,SNA,SNA,KSNA,John Wayne Airport (was Orange County Airport),P-M,"5,201,642",United States,CALIFORNIA,"""18601 Airport Way, Santa Ana, CA 92707"""
Palm Springs,PSP,PSP,KPSP,Palm Springs International Airport,P-S,"1,163,883",United States,CALIFORNIA,"""3400 E Tahquitz Canyon Way, Palm Springs, CA 92262"""
Redding,RDD,RDD,KRDD,Redding Municipal Airport,P-N,"42,775",United States,CALIFORNIA,"""6751 Woodrum Cir # 200, Redding, CA 96002"""
Sacramento,SMF,SMF,KSMF,Sacramento International Airport,P-M,"5,907,629",United States,CALIFORNIA,"""6900 Airport Blvd, Sacramento, CA 95837"""
San Diego,SAN,SAN,KSAN,San Diego International Airport (Lindbergh Field),P-L,"12,174,224",United States,CALIFORNIA,"""3225 N Harbor Dr, San Diego, CA 92101"""
San Francisco,SFO,SFO,KSFO,San Francisco International Airport,P-L,"27,790,717",United States,CALIFORNIA,"""San Francisco International Airport, San Francisco, CA 94128"""
San Jose,SJC,SJC,KSJC,Norman Y. Mineta San José International Airport,P-M,"7,032,851",United States,CALIFORNIA,"""1701 Airport Blvd, San Jose, CA 95110"""
San Luis Obispo,SBP,SBP,KSBP,San Luis Obispo County Regional Airport (McChesney Field),P-N,"235,570",United States,CALIFORNIA,"""975 Airport Dr, San Luis Obispo, CA 93401"""
Santa Barbara,SBA,SBA,KSBA,Santa Barbara Municipal Airport (Santa Barbara Airport),P-N,"403,745",United States,CALIFORNIA,"""500 James Fowler Rd, Santa Barbara, CA 93117"""
Santa Maria,SMX,SMX,KSMX,Santa Maria Public Airport (Capt G. Allan Hancock Field),P-N,"23,008",United States,CALIFORNIA,"""3217 Terminal Dr #1836, Santa Maria, CA 93455"""
Santa Rosa,STS,STS,KSTS,Charles M. Schulz–Sonoma County Airport,P-N,"217,480",United States,CALIFORNIA,"""2200 Airport Blvd, Santa Rosa, CA 95403"""
Stockton,SCK,SCK,KSCK,Stockton Metropolitan Airport,P-N,"98,908",United States,CALIFORNIA,"""5000 S Airport Way, Stockton, CA 95206"""
Aspen,ASE,ASE,KASE,Aspen/Pitkin County Airport (Sardy Field),P-N,"285,448",United States,COLORADO,"""233 Airport Rd, Aspen, CO 81611"""
Colorado Springs,COS,COS,KCOS,City of Colorado Springs Municipal Airport,P-S,"845,742",United States,COLORADO,"""7770 Milton E Proby Pkwy, Colorado Springs, CO 80916"""
Denver,DEN,DEN,KDEN,Denver International Airport,P-L,"31,362,941",United States,COLORADO,"""8500 Pe�a Blvd, Denver, CO 80249"""
Durango,DRO,DRO,KDRO,Durango–La Plata County Airport,P-N,"189,225",United States,COLORADO,"""1000 Airport Rd, Durango, CO 81303"""
Eagle/Vail,EGE,EGE,KEGE,Eagle County Regional Airport,P-N,"173,863",United States,COLORADO,"""217 Eldon Wilson Rd, Gypsum, CO 81637"""
Grand Junction,GJT,GJT,KGJT,Grand Junction Regional Airport (Walker Field),P-N,"221,978",United States,COLORADO,"""2828 Walker Field Dr, Grand Junction, CO 81506"""
Gunnison,GUC,GUC,KGUC,Gunnison–Crested Butte Regional Airport,P-N,"36,238",United States,COLORADO,"""Gunnison�Crested Butte Regional Airport, Gunnison, CO 81230"""
Hayden,HDN,HDN,KHDN,Yampa Valley Airport (Yampa Valley Regional),P-N,"100,079",United States,COLORADO,"""11005 RCR 51A, Hayden, CO 81639"""
Montrose,MTJ,MTJ,KMTJ,Montrose Regional Airport,P-N,"133,924",United States,COLORADO,"""2100 Airport Rd, Montrose, CO 81401"""
Pueblo,PUB,PUB,KPUB,Pueblo Memorial Airport,P-N,"10,459",United States,COLORADO,"""31201 Bryan Cir, Pueblo, CO 81001"""
Hartford,BDL,BDL,KBDL,Bradley International Airport,P-M,"3,378,035",United States,CONNECTICUT,"""Schoephoester Rd, Windsor Locks, CT 06096"""
New Haven,HVN,HVN,KHVN,Tweed-New Haven Airport,P-N,"38,991",United States,CONNECTICUT,"""155 Burr St, New Haven, CT 06512"""
Daytona Beach,DAB,DAB,KDAB,Daytona Beach International Airport,P-N,"366,967",United States,FLORIDA,"""700 Catalina Dr Ste 300, Daytona Beach, FL 32114"""
Fort Lauderdale,FLL,FLL,KFLL,Fort Lauderdale–Hollywood International Airport,P-L,"17,612,331",United States,FLORIDA,"""100 Terminal Dr, Fort Lauderdale, FL 33315"""
Fort Myers,RSW,RSW,KRSW,Southwest Florida International Airport,P-M,"4,602,113",United States,FLORIDA,"""11000 Terminal Access Rd, Fort Myers, FL 33913"""
Fort Walton Beach,VPS,VPS,KVPS,Destin–Fort Walton Beach Airport / Eglin Air Force Base,P-S,"683,759",United States,FLORIDA,"""1701 FL-85, Eglin AFB, FL 32542"""
Gainesville,GNV,GNV,KGNV,Gainesville Regional Airport,P-N,"233,955",United States,FLORIDA,"""3880 NE 39th Ave A, Gainesville, FL 32609"""
Jacksonville,JAX,JAX,KJAX,Jacksonville International Airport,P-M,"3,135,508",United States,FLORIDA,"""2400 Yankee Clipper Dr, Jacksonville, FL 32218"""
Key West,EYW,EYW,KEYW,Key West International Airport,P-N,"446,005",United States,FLORIDA,"""3491 S Roosevelt Blvd, Naval Air Station Key West, FL 33040"""
Melbourne,MLB,MLB,KMLB,Melbourne Orlando International Airport,P-N,"234,939",United States,FLORIDA,"""1 Air Terminal Pkwy, Melbourne, FL 32901"""
Miami,MIA,MIA,KMIA,Miami International Airport,P-L,"21,021,640",United States,FLORIDA,"""2100 NW 42nd Ave, Miami, FL 33142"""
Orlando,MCO,MCO,KMCO,Orlando International Airport,P-L,"23,202,480",United States,FLORIDA,"""1 Jeff Fuqua Blvd, Orlando, FL 32827"""
Panama City,ECP,ECP,KECP,Northwest Florida Beaches International Airport,P-S,"512,423",United States,FLORIDA,"""6300 W Bay Pkwy, Panama City, FL 32409"""
Pensacola,PNS,PNS,KPNS,Pensacola International Airport,P-S,"972,081",United States,FLORIDA,"""2430 Airport Blvd, Pensacola, FL 32504"""
Punta Gorda,PGD,PGD,KPGD,Punta Gorda Airport,P-S,"787,022",United States,FLORIDA,"""28000 A-1, Airport Rd, Punta Gorda, FL 33982"""
Sanford,SFB,SFB,KSFB,Orlando Sanford International Airport,P-S,"1,504,888",United States,FLORIDA,"""1200 Red Cleveland Blvd, Sanford, FL 32773"""
Sarasota,SRQ,SRQ,KSRQ,Sarasota–Bradenton International Airport,P-S,"685,001",United States,FLORIDA,"""6000 Airport Cir, Sarasota, FL 34243"""
St. Petersburg,PIE,PIE,KPIE,St. Pete–Clearwater International Airport,P-S,"1,115,886",United States,FLORIDA,"""14700 Terminal Blvd #221, Clearwater, FL 33762"""
Tallahassee,TLH,TLH,KTLH,Tallahassee International Airport,P-N,"384,136",United States,FLORIDA,"""3300 Capital Cir SW, Tallahassee, FL 32310"""
Tampa,TPA,TPA,KTPA,Tampa International Airport,P-L,"10,378,514",United States,FLORIDA,"""4100 George J Bean Pkwy, Tampa, FL 33607"""
Vero Beach,VRB,VRB,KVRB,Vero Beach Regional Airport,P-N,"10,314",United States,FLORIDA,"""3400 Cherokee Dr, Vero Beach, FL 32960"""
West Palm Beach,PBI,PBI,KPBI,Palm Beach International Airport,P-M,"3,270,605",United States,FLORIDA,"""1000 James L Turnage Blvd, West Palm Beach, FL 33415"""
Albany,ABY,ABY,KABY,Southwest Georgia Regional Airport,P-N,"39,422",United States,GEORGIA,"""3905 Newton Rd #100, Albany, GA 31701"""
Atlanta,ATL,ATL,KATL,Hartsfield–Jackson Atlanta International Airport,P-L,"51,865,797",United States,GEORGIA,"""6000 N Terminal Pkwy, Atlanta, GA 30320"""
Augusta,AGS,AGS,KAGS,Augusta Regional Airport (Bush Field),P-N,"300,598",United States,GEORGIA,"""1501 Aviation Way, Augusta, GA 30906"""
Brunswick,BQK,BQK,KBQK,Brunswick Golden Isles Airport,P-N,"40,443",United States,GEORGIA,"""295 Aviation Pkwy, Brunswick, GA 31525"""
Columbus,CSG,CSG,KCSG,Columbus Airport,P-N,"49,354",United States,GEORGIA,"""3250 W Britt David Rd, Columbus, GA 31909"""
Macon,MCN,MCN,KMCN,Middle Georgia Regional Airport,P-N,"15,431",United States,GEORGIA,"""1000 Terminal Dr, Macon, GA 31297"""
Savannah,SAV,SAV,KSAV,Savannah/Hilton Head International Airport,P-S,"1,356,660",United States,GEORGIA,"""400 Airways Ave, Savannah, GA 31408"""
Valdosta,VLD,VLD,KVLD,Valdosta Regional Airport,P-N,"44,609",United States,GEORGIA,"""1750 Airport Rd, Valdosta, GA 31601"""
"Hilo, Hawaii",ITO,ITO,PHTO,Hilo International Airport,P-S,"599,148",United States,HAWAII,"""2450 Kekuanaoa St, Hilo, HI 96720"""
"Honolulu, Oahu",HNL,HNL,PHNL,Daniel K. Inouye International Airport,P-L,"10,017,149",United States,HAWAII,"""300 Rodgers Blvd, Honolulu, HI 96819"""
"Kahului, Maui",OGG,OGG,PHOG,Kahului Airport,P-M,"3,571,660",United States,HAWAII,"""1 Keolani Pl, Kahului, HI 96732"""
"Kailua-Kona, Hawaii",KOA,KOA,PHKO,Ellison Onizuka Kona International Airport at Keahole,P-S,"1,829,020",United States,HAWAII,"""73-200 Kupipi St, Kalaoa, HI 96740"""
"Kaunakakai, Molokai",MKK,MKK,PHMK,Molokai Airport (Hoolehua Airport),P-N,"79,336",United States,HAWAII,"""3980 Airport Loop, Ho'olehua, HI 96729"""
"Lanai City, Lanai",LNY,LNY,PHNY,Lanai Airport,P-N,"42,061",United States,HAWAII,"""Lanai Ave, Lanai City, HI 96763"""
"Lihue, Kauai",LIH,LIH,PHLI,Lihue Airport,P-S,"1,644,590",United States,HAWAII,"""3901 Mokulele Loop, Lihue, HI 96766"""
Boise,BOI,BOI,KBOI,Boise Airport (Boise Air Terminal) (Gowen Field),P-S,"1,943,181",United States,IDAHO,"""3201 W Airport Way #1000, Boise, ID 83705"""
Hailey / Sun Valley,SUN,SUN,KSUN,Friedman Memorial Airport,P-N,"93,280",United States,IDAHO,"""1616 Airport Cir, Hailey, ID 83333"""
Idaho Falls,IDA,IDA,KIDA,Idaho Falls Regional Airport (Fanning Field),P-N,"161,019",United States,IDAHO,"""2140 N Skyline Dr, Idaho Falls, ID 83402"""
Lewiston,LWS,LWS,KLWS,Lewiston–Nez Perce County Airport,P-N,"57,957",United States,IDAHO,"""406 Burrell Ave, Lewiston, ID 83501"""
Pocatello,PIH,PIH,KPIH,Pocatello Regional Airport,P-N,"46,303",United States,IDAHO,"""1950 Airport Way, Pocatello, ID 83204"""
Twin Falls,TWF,TWF,KTWF,Magic Valley Regional Airport (Joslin Field),P-N,"47,084",United States,IDAHO,"""492 Airport Loop, Twin Falls, ID 83301"""
Belleville,BLV,BLV,KBLV,MidAmerica St. Louis Airport / Scott Air Force Base,P-N,"152,278",United States,ILLINOIS,"""9656 Air Terminal Dr, Mascoutah, IL 62258"""
Bloomington / Normal,BMI,BMI,KBMI,Central Illinois Regional Airport at Bloomington-Normal,P-N,"178,057",United States,ILLINOIS,"""3201 Cira Dr, Bloomington, IL 61704"""
Champaign / Urbana / Savoy,CMI,CMI,KCMI,University of Illinois - Willard Airport,P-N,"109,878",United States,ILLINOIS,"""11 Airport Rd, Savoy, IL 61874"""
Chicago,MDW,MDW,KMDW,Chicago Midway International Airport,P-L,"10,678,018",United States,ILLINOIS,"""5700 S Cicero Ave, Chicago, IL 60638"""
Chicago,ORD,ORD,KORD,Chicago O'Hare International Airport,P-L,"39,873,927",United States,ILLINOIS,"""10000 W Balmoral Ave, Chicago, IL 60666"""
Marion,MWA,MWA,KMWA,Veterans Airport of Southern Illinois (Williamson County Regional Airport),P-N,"11,078",United States,ILLINOIS,"""10400 Terminal Dr Ste 200, Marion, IL 62959"""
Moline,MLI,MLI,KMLI,Quad City International Airport,P-N,"355,241",United States,ILLINOIS,"""2200 69th Ave, Moline, IL 61265"""
Peoria,PIA,PIA,KPIA,General Downing-Peoria International Airport,P-N,"328,769",United States,ILLINOIS,"""6100 W Everett McKinley Dirksen Pkwy, Peoria, IL 61607"""
Quincy,UIN,UIN,KUIN,Quincy Regional Airport (Baldwin Field),P-N,"11,633",United States,ILLINOIS,"""1645 IL-104, Quincy, IL 62305"""
Rockford,RFD,RFD,KRFD,Chicago Rockford International Airport (was Northwest Chicagoland Regional Airport at Rockford),P-N,"106,710",United States,ILLINOIS,"""2 Airport Cir, Rockford, IL 61109"""
Springfield,SPI,SPI,KSPI,Abraham Lincoln Capital Airport,P-N,"776,950",United States,ILLINOIS,"""1200 Capital Airport Dr, Springfield, IL 62707"""
Evansville,EVV,EVV,KEVV,Evansville Regional Airport,P-N,"228,850",United States,INDIANA,"""7801 Bussing Dr, Evansville, IN 47725"""
Fort Wayne,FWA,FWA,KFWA,Fort Wayne International Airport,P-N,"372,030",United States,INDIANA,"""3801 W Ferguson Rd, Fort Wayne, IN 46809"""
Indianapolis,IND,IND,KIND,Indianapolis International Airport,P-M,"4,655,847",United States,INDIANA,"""7800 Col. H. Weir Cook Memorial Dr, Indianapolis, IN 46241"""
South Bend,SBN,SBN,KSBN,South Bend International Airport,P-N,"366,617",United States,INDIANA,"""4477 Progress Dr, South Bend, IN 46628"""
Cedar Rapids,CID,CID,KCID,Eastern Iowa Airport,P-S,"602,058",United States,IOWA,"""2121 Arthur Collins Pkwy SW, Cedar Rapids, IA 52404"""
Des Moines,DSM,DSM,KDSM,Des Moines International Airport,P-S,"1,347,876",United States,IOWA,"""5800 Fleur Dr, Des Moines, IA 50321"""
Dubuque,DBQ,DBQ,KDBQ,Dubuque Regional Airport,P-N,"38,831",United States,IOWA,"""10965 Aviation Dr, Dubuque, IA 52003"""
Sioux City,SUX,SUX,KSUX,Sioux Gateway Airport (Brig. General Bud Day Field),P-N,"44,779",United States,IOWA,"""2403 Aviation Blvd, Sioux City, IA 51111"""
Waterloo,ALO,ALO,KALO,Waterloo Regional Airport,P-N,"23,892",United States,IOWA,"""2790 Livingston Ln, Waterloo, IA 50703"""
Garden City,GCK,GCK,KGCK,Garden City Regional Airport,P-N,"25,243",United States,KANSAS,"""2225 S Air Service Rd, Garden City, KS 67846"""
Hays,HYS,HYS,KHYS,Hays Regional Airport,P-N,"11,996",United States,KANSAS,"""13-3950 E 8th St, Hays, KS 67601"""
Manhattan,MHK,MHK,KMHK,Manhattan Regional Airport,P-N,"72,883",United States,KANSAS,"""5500 Skyway Dr #120, Manhattan, KS 66503"""
Salina,SLN,SLN,KSLN,Salina Regional Airport,P-N,"15,977",United States,KANSAS,"""3237 Arnold Ave, Salina, KS 67401"""
Wichita,ICT,ICT,KICT,Wichita Dwight D. Eisenhower National Airport (was Wichita Mid-Continent Airport),P-S,"812,252",United States,KANSAS,"""2277 Eisenhower Airport Pkwy, Wichita, KS 67209"""
Cincinnati/Covington,CVG,CVG,KCVG,Cincinnati/Northern Kentucky International Airport,P-M,"4,269,258",United States,KENTUCKY,"""3087 Terminal Dr, Hebron, KY 41048"""
Lexington,LEX,LEX,KLEX,Blue Grass Airport,P-S,"657,018",United States,KENTUCKY,"""4000 Terminal Dr, Lexington, KY 40510"""
Louisville,SDF,SDF,KSDF,Louisville International Airport (Standiford Field),P-S,"1,877,861",United States,KENTUCKY,"""600 Terminal Dr, Louisville, KY 40209"""
Owensboro,OWB,OWB,KOWB,Owensboro–Daviess County Regional Airport,P-N,"19,532",United States,KENTUCKY,"""2200 Airport Rd, Owensboro, KY 42301"""
Paducah,PAH,PAH,KPAH,Barkley Regional Airport,P-N,"20,934",United States,KENTUCKY,"""2901 Fisher Rd, West Paducah, KY 42086"""
Alexandria,AEX,AEX,KAEX,Alexandria International Airport,P-N,"141,173",United States,LOUISIANA,"""1100 Frank Andrews Blvd, Alexandria, LA 71303"""
Baton Rouge,BTR,BTR,KBTR,Baton Rouge Metropolitan Airport (Ryan Field),P-N,"390,107",United States,LOUISIANA,"""9430 Jackie Cochran Dr, Baton Rouge, LA 70811"""
Lafayette,LFT,LFT,KLFT,Lafayette Regional Airport (Paul Fournet Field),P-N,"223,529",United States,LOUISIANA,"""200 Terminal Dr, Lafayette, LA 70508"""
Lake Charles,LCH,LCH,KLCH,Lake Charles Regional Airport,P-N,"58,122",United States,LOUISIANA,"""500 Airport Blvd, Lake Charles, LA 70607"""
Monroe,MLU,MLU,KMLU,Monroe Regional Airport,P-N,"107,107",United States,LOUISIANA,"""5400 Operations Rd, Monroe, LA 71212"""
New Orleans,MSY,MSY,KMSY,Louis Armstrong New Orleans International Airport,P-M,"6,582,066",United States,LOUISIANA,"""1 Terminal Dr, Kenner, LA 70062"""
Shreveport,SHV,SHV,KSHV,Shreveport Regional Airport,P-N,"291,136",United States,LOUISIANA,"""5103 Hollywood Ave Suite 300, Shreveport, LA 71109"""
Bangor,BGR,BGR,KBGR,Bangor International Airport,P-N,"336,140",United States,MAINE,"""287 Godfrey Blvd, Bangor, ME 04401"""
Portland,PWM,PWM,KPWM,Portland International Jetport,P-S,"1,062,873",United States,MAINE,"""1001 Westbrook St, Portland, ME 04102"""
Presque Isle,PQI,PQI,KPQI,Presque Isle International Airport,P-N,"10,865",United States,MAINE,"""650 Airport Dr, Presque Isle, ME 04769"""
Rockland,RKD,RKD,KRKD,Knox County Regional Airport,P-N,"17,133",United States,MAINE,"""19 Airport Rd, Owls Head, ME 04854"""
Baltimore,BWI,BWI,KBWI,Baltimore/Washington International Airport,P-L,"13,371,816",United States,MARYLAND,"""7050 Friendship Rd, Baltimore, MD 21240"""
Hagerstown,HGR,HGR,KHGR,Hagerstown Regional Airport (Richard A. Henson Field),P-N,"23,654",United States,MARYLAND,"""18434 Showalter Rd, Hagerstown, MD 21742"""
Salisbury,SBY,SBY,KSBY,Salisbury–Ocean City–Wicomico Regional Airport,P-N,"64,393",United States,MARYLAND,"""5485 Airport Terminal Rd a, Salisbury, MD 21804"""
Bedford,BED,BED,KBED,Hanscom Field / Hanscom Air Force Base,P-N,"10,194",United States,MASSACHUSETTS,"""200 Hanscom Dr, Bedford, MA 01730"""
Boston,BOS,BOS,KBOS,Gen. Edward Lawrence Logan International Airport,P-L,"20,006,521",United States,MASSACHUSETTS,"""Boston Logan International Airport, Boston, MA"""
Hyannis,HYA,HYA,KHYA,Cape Cod Gateway Airport (Boardman/Polando Field),P-N,"28,341",United States,MASSACHUSETTS,"""480 Barnstable Rd, Hyannis, MA 02601"""
Nantucket,ACK,ACK,KACK,Nantucket Memorial Airport,P-N,"126,610",United States,MASSACHUSETTS,"""14 Airport Rd, Nantucket, MA 02554'"
Provincetown,PVC,PVC,KPVC,Provincetown Municipal Airport,P-N,"10,316",United States,MASSACHUSETTS,"""176 Race Point Rd, Provincetown, MA 02657"""
Vineyard Haven,MVY,MVY,KMVY,Martha's Vineyard Airport,P-N,"52,605",United States,MASSACHUSETTS,"""71 Airport Rd, West Tisbury, MA 02575"""
Worcester,ORH,ORH,KORH,Worcester Regional Airport,P-N,"71,631",United States,MASSACHUSETTS,"""375 Airport Dr, Worcester, MA 01602"""
Alpena,APN,APN,KAPN,Alpena County Regional Airport,P-N,"11,614",United States,MICHIGAN,"""1617 Airport Rd, Alpena, MI 49707"""
Detroit,DTW,DTW,KDTW,Detroit Metro Wayne County Airport,P-L,"17,436,837",United States,MICHIGAN,"""11050 W G Rogell Dr #602, Detroit, MI 48242"""
Escanaba,ESC,ESC,KESC,Delta County Airport,P-N,"18,474",United States,MICHIGAN,"""3300 Airport Rd, Escanaba, MI 49829"""
Flint,FNT,FNT,KFNT,Bishop International Airport,P-N,"361,709",United States,MICHIGAN,"""3425 Bristol Rd, Flint, MI 48507"""
Grand Rapids,GRR,GRR,KGRR,Gerald R. Ford International Airport,P-S,"1,631,398",United States,MICHIGAN,"""5500 44th St SE, Grand Rapids, MI 49512"""
Hancock,CMX,CMX,KCMX,Houghton County Memorial Airport,P-N,"24,041",United States,MICHIGAN,"""23810 Airpark Blvd Suite 113, Calumet, MI 49913"""
Iron Mountain,IMT,IMT,KIMT,Ford Airport,P-N,"19,552",United States,MICHIGAN,"""400 Riverhills Rd, Kingsford, MI 49802"""
Kalamazoo,AZO,AZO,KAZO,Kalamazoo/Battle Creek International Airport,P-N,"152,845",United States,MICHIGAN,"""5235 Portage Rd, Portage, MI 49002"""
Lansing,LAN,LAN,KLAN,Capital Region International Airport (was Lansing Capital City),P-N,"184,018",United States,MICHIGAN,"""4100 Capital City Blvd, Lansing, MI 48906"""
Marquette,SAW,MQT,KSAW,Sawyer International Airport,P-N,"53,558",United States,MICHIGAN,"""125 Ave G, Gwinn, MI 49841"""
Muskegon,MKG,MKG,KMKG,Muskegon County Airport,P-N,"18,718",United States,MICHIGAN,"""99 Sinclair Dr, Muskegon, MI 49441"""
Pellston,PLN,PLN,KPLN,Pellston Regional/Emmet County Airport,P-N,"25,464",United States,MICHIGAN,"""1395 US-31, Pellston, MI 49769"""
Saginaw,MBS,MBS,KMBS,MBS International Airport,P-N,"127,627",United States,MICHIGAN,"""8500 Garfield Rd, Freeland, MI 48623"""
Sault Ste. Marie,CIU,CIU,KCIU,Chippewa County International Airport,P-N,"23,324",United States,MICHIGAN,"""5315 W Airport Dr, Kincheloe, MI 49788"""
Traverse City,TVC,TVC,KTVC,Cherry Capital Airport (was Cherry County Airpark),P-N,"247,324",United States,MICHIGAN,"""727 Fly Don't Dr, Traverse City, MI 49686"""
Bemidji,BJI,BJI,KBJI,Bemidji Regional Airport,P-N,"30,081",United States,MINNESOTA,"""3824 Moberg Dr NW, Bemidji, MN 56601"""
Brainerd,BRD,BRD,KBRD,Brainerd Lakes Regional Airport,P-N,"22,233",United States,MINNESOTA,"""16384 Airport Rd #5, Brainerd, MN 56401"""
Duluth,DLH,DLH,KDLH,Duluth International Airport,P-N,"136,806",United States,MINNESOTA,"""4701 Grinden Dr, Duluth, MN 55811"""
Hibbing,HIB,HIB,KHIB,Range Regional Airport (was Chisholm–Hibbing Airport),P-N,"17,111",United States,MINNESOTA,"""11038 MN-37, Hibbing, MN 55746"""
International Falls,INL,INL,KINL,Falls International Airport (Einarson Field),P-N,"17,225",United States,MINNESOTA,"""3214 2nd Ave E, International Falls, MN 56649"""
Minneapolis-St. Paul,MSP,MSP,KMSP,Minneapolis–St. Paul International/Wold-Chamberlain Airport,P-L,"18,361,942",United States,MINNESOTA,"""4300 Glumack Dr, St Paul, MN 55111"""
Rochester,RST,RST,KRST,Rochester International Airport,P-N,"182,509",United States,MINNESOTA,"""1200 Brooks Ave, Rochester, NY 14624"""
St. Cloud,STC,STC,KSTC,St. Cloud Regional Airport,P-N,"22,464",United States,MINNESOTA,"""1550 45th Ave SE, St Cloud, MN 56304"""
Columbus,GTR,GTR,KGTR,Golden Triangle Regional Airport,P-N,"46,246",United States,MISSISSIPPI,"""2080 Airport Rd, Columbus, MS 39701"""
Gulfport / Biloxi,GPT,GPT,KGPT,Gulfport–Biloxi International Airport,P-N,"359,055",United States,MISSISSIPPI,"""14035 Airport Rd, Gulfport, MS 39503"""
Jackson,JAN,JAN,KJAN,Jackson–Medgar Wiley Evers International Airport,P-S,"489,454",United States,MISSISSIPPI,"""100 International Dr, Jackson, MS 39208"""
Meridian,MEI,MEI,KMEI,Key Field,P-N,"19,332",United States,MISSISSIPPI,"""2811 Airport Blvd S, Meridian, MS 39307"""
Tupelo,TUP,TUP,KTUP,Tupelo Regional Airport (C.D. Lemons Field),P-N,"13,557",United States,MISSISSIPPI,"""2763 W Jackson Street Extended, Tupelo, MS 38801"""
Columbia,COU,COU,KCOU,Columbia Regional Airport,P-N,"120,235",United States,MISSOURI,"""11300 S Airport Dr, Columbia, MO 65201"""
Joplin,JLN,JLN,KJLN,Joplin Regional Airport,P-N,"40,013",United States,MISSOURI,"""7331 State Hwy 43, Joplin, MO 64801"""
Kansas City,MCI,MCI,KMCI,Kansas City International Airport (was Mid-Continent International),P-M,"5,790,847",United States,MISSOURI,"""1 International Square, Kansas City, MO 64153"""
St. Louis,STL,STL,KSTL,St. Louis Lambert International Airport,P-M,"7,631,953",United States,MISSOURI,"""10701 Lambert International Blvd, St. Louis, MO 63145"""
Springfield,SGF,SGF,KSGF,Springfield–Branson National Airport,P-S,"523,108",United States,MISSOURI,"""2300 N Airport Blvd, Springfield, MO 65802"""
Billings,BIL,BIL,KBIL,Billings Logan International Airport,P-N,"440,263",United States,MONTANA,"""1901 Terminal Cir, Billings, MT 59105"""
Bozeman,BZN,BZN,KBZN,Bozeman Yellowstone International Airport (was Gallatin Field),P-S,"670,295",United States,MONTANA,"""850 Gallatin Field Rd, Belgrade, MT 59714"""
Butte,BTM,BTM,KBTM,Bert Mooney Airport,P-N,"25,803",United States,MONTANA,"""101 Airport Rd, Butte, MT 59701"""
Great Falls,GTF,GTF,KGTF,Great Falls International Airport,P-N,"176,434",United States,MONTANA,"""2800 Terminal Dr, Great Falls, MT 59404"""
Helena,HLN,HLN,KHLN,Helena Regional Airport,P-N,"115,438",United States,MONTANA,"""2850 Mercer Lp, Helena, MT 59602"""
Kalispell,GPI,FCA,KGPI,Glacier Park International Airport,P-N,"307,242",United States,MONTANA,"""4170 US-2, Kalispell, MT 59901"""
Missoula,MSO,MSO,KMSO,Missoula Montana Airport (was Missoula International Airport),P-N,"425,563",United States,MONTANA,"""5225 W Broadway St, Missoula, MT 59808"""
Sidney,SDY,SDY,KSDY,Sidney-Richland Regional Airport,P-N,"10,055",United States,MONTANA,"""540 Airport Rd, Sidney, MT 59270"""
West Yellowstone,WYS,WYS,KWYS,Yellowstone Airport,P-N,"8,200",United States,MONTANA,"""721 Airport Rd, West Yellowstone, MT 59758"""
Grand Island,GRI,GRI,KGRI,Central Nebraska Regional Airport,P-N,"63,298",United States,NEBRASKA,"""3773 Sky Park Rd, Grand Island, NE 68801"""
Lincoln,LNK,LNK,KLNK,Lincoln Airport (was Lincoln Municipal),P-N,"150,214",United States,NEBRASKA,"""2400 W Adams St, Lincoln, NE 68524"""
North Platte,LBF,LBF,KLBF,North Platte Regional Airport (Lee Bird Field),P-N,"13,798",United States,NEBRASKA,"""5400 E Lee Bird Dr #10, North Platte, NE 69101"""
Omaha,OMA,OMA,KOMA,Eppley Airfield,P-M,"2,454,878",United States,NEBRASKA,"""4501 Abbott Dr, Omaha, NE 68110"""
Scottsbluff,BFF,BFF,KBFF,Western Nebraska Regional Airport (William B. Heilig Field),P-N,"14,295",United States,NEBRASKA,"""250023 Airport Rd Suite 10, Scottsbluff, NE 69361"""
Boulder City,BVU,BLD,KBVU,Boulder City Municipal Airport,P-N,"205,690",United States,NEVADA,"""Airport Rd, Boulder City, NV 89005"""
Elko,EKO,EKO,KEKO,Elko Regional Airport (J.C. Harris Field),P-N,"18,363",United States,NEVADA,"""975 Terminal Way, Elko, NV 89801"""
Las Vegas,LAS,LAS,KLAS,Harry Reid International Airport,P-L,"23,795,012",United States,NEVADA,"""5757 Wayne Newton Blvd, Las Vegas, NV 89119"""
Reno,RNO,RNO,KRNO,Reno/Tahoe International Airport,P-S,"2,048,916",United States,NEVADA,"""2001 E Plumb Ln, Reno, NV 89502"""
Lebanon,LEB,LEB,KLEB,Lebanon Municipal Airport,P-N,"10,360",United States,NEW HAMPSHIRE,"""5 Airpark Rd, West Lebanon, NH 03784"""
Manchester,MHT,MHT,KMHT,Manchester–Boston Regional Airport,P-S,"911,225",United States,NEW HAMPSHIRE,"""1 Airport Rd, Manchester, NH 03103"""
Portsmouth,PSM,PSM,KPSM,Portsmouth International Airport at Pease,P-N,"92,836",United States,NEW HAMPSHIRE,"""36 Airline Ave, Portsmouth, NH 03801"""
Atlantic City,ACY,ACY,KACY,Atlantic City International Airport,P-S,"568,958",United States,NEW JERSEY,"""101 Atlantic City International Airport, Egg Harbor Township, NJ 08234'"
Newark,EWR,EWR,KEWR,Newark Liberty International Airport,P-L,"22,797,602",United States,NEW JERSEY,"""3 Brewster Rd, Newark, NJ 07114"""
Trenton,TTN,TTN,KTTN,Trenton Mercer Airport,P-N,"404,349",United States,NEW JERSEY,"""1100 Terminal Cir Dr, Ewing Township, NJ 08628"""
Albuquerque,ABQ,ABQ,KABQ,Albuquerque International Sunport,P-M,"2,647,269",United States,NEW MEXICO,"""2200 Sunport Blvd, Albuquerque, NM 87106"""
Hobbs,HOB,HOB,KHOB,Lea County Regional Airport,P-N,"23,475",United States,NEW MEXICO,"""6601 W Carlsbad Hwy, Hobbs, NM 88240"""
Roswell,ROW,ROW,KROW,Roswell Air Center,P-N,"56,632",United States,NEW MEXICO,"""1 Jerry Smith Cir, Roswell, NM 88203"""
Santa Fe,SAF,SAF,KSAF,Santa Fe Municipal Airport,P-N,"115,787",United States,NEW MEXICO,"""121 Aviation Dr, Santa Fe, NM 87507"""
Albany,ALB,ALB,KALB,Albany International Airport,P-S,"1,440,674",United States,NEW YORK,"""Albany Shaker Rd, Colonie, NY"""
Binghamton,BGM,BGM,KBGM,Greater Binghamton Airport (Edwin A. Link Field),P-N,"36,382",United States,NEW YORK,"""Airport Rd, Johnson City, NY 13790"""
Buffalo,BUF,BUF,KBUF,Buffalo Niagara International Airport,P-M,"2,523,158",United States,NEW YORK,"""4200 Genesee St, Buffalo, NY 14225"""
Elmira / Corning,ELM,ELM,KELM,Elmira/Corning Regional Airport,P-N,"141,075",United States,NEW YORK,"""276 Sing Sing Rd #1, Horseheads, NY 14845"""
Ithaca,ITH,ITH,KITH,Ithaca Tompkins International Airport,P-N,"99,070",United States,NEW YORK,"""1 Culligan Dr, Ithaca, NY 14850"""
New York,JFK,JFK,KJFK,John F. Kennedy International Airport (was New York International Airport),P-L,"30,620,769",United States,NEW YORK,"""John F. Kennedy International Airport, Queens, NY 11430"""
New York,LGA,LGA,KLGA,LaGuardia Airport (and Marine Air Terminal),P-L,"15,058,501",United States,NEW YORK,"""LaGuardia Airport, Queens, NY 11371"""
New York / Islip,ISP,ISP,KISP,Long Island MacArthur Airport,P-S,"811,535",United States,NEW YORK,"""100 Arrival Ave, Ronkonkoma, NY 11779"""
Newburgh,SWF,SWF,KSWF,New York Stewart International Airport,P-N,"354,869",United States,NEW YORK,"""1180 1st St, New Windsor, NY 12553"""
Niagara Falls,IAG,IAG,KIAG,Niagara Falls International Airport,P-N,"119,182",United States,NEW YORK,"""2035 Niagara Falls Blvd, Niagara Falls, NY 14304"""
Ogdensburg,OGS,OGS,KOGS,Ogdensburg International Airport,P-N,"23,448",United States,NEW YORK,"""5900 NY-812, Ogdensburg, NY 13669"""
Plattsburgh,PBG,PBG,KPBG,Plattsburgh International Airport,P-N,"119,783",United States,NEW YORK,"""42 Airport Ln, Plattsburgh, NY 12903"""
Rochester,ROC,ROC,KROC,Frederick Douglass/Greater Rochester International Airport,P-S,"1,281,908",United States,NEW YORK,"""1200 Brooks Ave, Rochester, NY 14624"""
Syracuse,SYR,SYR,KSYR,Syracuse Hancock International Airport,P-S,"1,139,568",United States,NEW YORK,"""1000 Col Eileen Collins Blvd, Syracuse, NY 13212"""
Watertown,ART,ART,KART,Watertown International Airport,P-N,"23,844",United States,NEW YORK,"""22529 Airport Dr, Dexter, NY 13634"""
White Plains,HPN,HPN,KHPN,Westchester County Airport,P-S,"789,283",United States,NEW YORK,"""240 Airport Rd, White Plains, NY 10604"""
Asheville,AVL,AVL,KAVL,Asheville Regional Airport,P-S,"573,206",United States,NORTH CAROLINA,"""61 Terminal Dr #1, Fletcher, NC 28732"""
Charlotte,CLT,CLT,KCLT,Charlotte Douglas International Airport,P-L,"22,281,949",United States,NORTH CAROLINA,"""5501 Josh Birmingham Pkwy, Charlotte, NC 28208"""
Concord,JQF,USA,KJQF,Concord-Padgett Regional Airport,P-N,"147,065",United States,NORTH CAROLINA,"""9000 Aviation Blvd NW, Concord, NC 28027"""
Fayetteville,FAY,FAY,KFAY,Fayetteville Regional Airport (Grannis Field),P-N,"234,998",United States,NORTH CAROLINA,"""3003 Control Tower Rd, Fayetteville, NC 28306"""
Greensboro,GSO,GSO,KGSO,Piedmont Triad International Airport,P-S,"938,593",United States,NORTH CAROLINA,"""1000 Ted Johnson Pkwy, Greensboro, NC 27409"""
Greenville,PGV,PGV,KPGV,Pitt–Greenville Airport,P-N,"51,599",United States,NORTH CAROLINA,"""400 Airport Rd, Greenville, NC 27834"""
Jacksonville,OAJ,OAJ,KOAJ,Albert J. Ellis Airport,P-N,"152,448",United States,NORTH CAROLINA,"""264 Albert J. Ellis Airport Rd, Richlands, NC 28574"""
New Bern,EWN,EWN,KEWN,Coastal Carolina Regional Airport (was Craven County Regional),P-N,"111,172",United States,NORTH CAROLINA,"""200 Terminal Dr, New Bern, NC 28562"""
Raleigh,RDU,RDU,KRDU,Raleigh–Durham International Airport,P-M,"6,258,101",United States,NORTH CAROLINA,"""John Brantley Blvd, Morrisville, NC 27560"""
Wilmington,ILM,ILM,KILM,Wilmington International Airport,P-S,"468,816",United States,NORTH CAROLINA,"""1740 Airport Blvd, Wilmington, NC 28405"""
Bismarck,BIS,BIS,KBIS,Bismarck Municipal Airport,P-N,"285,198",United States,NORTH DAKOTA,"""2301 University Dr, Bismarck, ND 58504"""
Dickinson,DIK,DIK,KDIK,Dickinson Theodore Roosevelt Regional Airport,P-N,"22,595",United States,NORTH DAKOTA,"""11120 42nd St SW, Dickinson, ND 58601"""
Fargo,FAR,FAR,KFAR,Hector International Airport,P-S,"429,667",United States,NORTH DAKOTA,"""2801 32nd Ave N, Fargo, ND 58102"""
Grand Forks,GFK,GFK,KGFK,Grand Forks International Airport,P-N,"114,578",United States,NORTH DAKOTA,"""2301 Airport Dr, Grand Forks, ND 58203"""
Jamestown,JMS,JMS,KJMS,Jamestown Regional Airport,P-N,"11,768",United States,NORTH DAKOTA,"""1600 21st Ave NE, Jamestown, ND 58401"""
Minot,MOT,MOT,KMOT,Minot International Airport,P-N,"149,865",United States,NORTH DAKOTA,"""305 Airport Rd, Minot, ND 58703"""
Williston,XWA,XWA,KXWA,Williston Basin International Airport,P-N,"75,332",United States,NORTH DAKOTA,"""14127 Jensen Ln, Williston, ND 58801"""
Akron / Canton,CAK,CAK,KCAK,Akron-Canton Regional Airport,P-N,"449,731",United States,OHIO,"""5400 Lauby Rd NW, North Canton, OH 44720"""
Cleveland,CLE,CLE,KCLE,Cleveland Hopkins International Airport,P-M,"4,701,713",United States,OHIO,"""5300 Riverside Dr, Cleveland, OH 44135"""
Columbus,CMH,CMH,KCMH,John Glenn Columbus International Airport,P-M,"3,976,620",United States,OHIO,"""4600 International Gateway, Columbus, OH 43219"""
Columbus,LCK,LCK,KLCK,Rickenbacker International Airport,P-N,"154,475",United States,OHIO,"""2241 John Cir Dr, Columbus, OH 43217"""
Dayton,DAY,DAY,KDAY,James M. Cox Dayton International Airport,P-S,"858,022",United States,OHIO,"""3600 Terminal Dr, Dayton, OH 45377"""
Toledo,TOL,TOL,KTOL,Eugene F. Kranz Toledo Express Airport,P-N,"123,541",United States,OHIO,"""11013 Airport Hwy, Swanton, OH 43558"""
Lawton,LAW,LAW,KLAW,Lawton–Fort Sill Regional Airport,P-N,"48,086",United States,OKLAHOMA,"""3401 SW 11th St, Lawton, OK 73501"""
Oklahoma City,OKC,OKC,KOKC,Will Rogers World Airport,P-S,"2,094,708",United States,OKLAHOMA,"""7100 Terminal Dr, Oklahoma City, OK 73159"""
Stillwater,SWO,SWO,KSWO,Stillwater Regional Airport,P-N,"27,321",United States,OKLAHOMA,"""2020-1 W Airport Rd, Stillwater, OK 74075"""
Tulsa,TUL,TUL,KTUL,Tulsa International Airport,P-S,"1,482,908",United States,OKLAHOMA,"""7777 Airport Dr, Tulsa, OK 74115"""
Eugene,EUG,EUG,KEUG,Mahlon Sweet Field,P-S,"566,832",United States,OREGON,"""28801 Douglas Dr, Eugene, OR 97402"""
Medford,MFR,MFR,KMFR,Rogue Valley International–Medford Airport,P-S,"492,217",United States,OREGON,"""1000 Terminal Loop Pkwy, Medford, OR 97504"""
North Bend,OTH,OTH,KOTH,Southwest Oregon Regional Airport (was North Bend Municipal),P-N,"12,369",United States,OREGON,"""1100 Airport Ln, North Bend, OR 97459"""
Portland,PDX,PDX,KPDX,Portland International Airport,P-L,"9,804,868",United States,OREGON,"""7000 NE Airport Way, Portland, OR 97218"""
Redmond,RDM,RDM,KRDM,Roberts Field,P-N,"430,562",United States,OREGON,"""2522 Jesse Butler Cir, Redmond, OR 97756"""
Allentown,ABE,ABE,KABE,Lehigh Valley International Airport (was Allentown–Bethlehem–Easton International Airport),P-N,"376,468",United States,PENNSYLVANIA,"""3311 Airport Rd, Allentown, PA 18109"""
Erie,ERI,ERI,KERI,Erie International Airport (Tom Ridge Field),P-N,"95,342",United States,PENNSYLVANIA,"""4411 W 12th St, Erie, PA 16505"""
Harrisburg,MDT,MDT,KMDT,Harrisburg International Airport,P-S,"636,756",United States,PENNSYLVANIA,"""1 Terminal Dr, Middletown, PA 17057"""
Latrobe,LBE,LBE,KLBE,Arnold Palmer Regional Airport,P-N,"151,410",United States,PENNSYLVANIA,"""148 Aviation Ln # 103, Latrobe, PA 15650"""
Philadelphia,PHL,PHL,KPHL,Philadelphia International Airport,P-L,"15,292,670",United States,PENNSYLVANIA,"""8000 Essington Ave, Philadelphia, PA 19153"""
Pittsburgh,PIT,PIT,KPIT,Pittsburgh International Airport,P-M,"4,670,033",United States,PENNSYLVANIA,"""1000 Airport Blvd, Pittsburgh, PA 15231"""
State College,UNV,SCE,KUNV,University Park Airport,P-N,"153,571",United States,PENNSYLVANIA,"""2493 Fox Hill Rd, State College, PA 1680"""
Wilkes-Barre / Scranton,AVP,AVP,KAVP,Wilkes-Barre/Scranton International Airport,P-N,"258,628",United States,PENNSYLVANIA,"""100 Terminal Rd, Avoca, PA 18641"""
Williamsport,IPT,IPT,KIPT,Williamsport Regional Airport,P-N,"22,547",United States,PENNSYLVANIA,"""724 Airport Rd, Montoursville, PA 17754"""
Block Island,BID,BID,KBID,Block Island State Airport,P-N,"16,809",United States,RHODE ISLAND,"""4 Center Rd, New Shoreham, RI 02807"""
Providence,PVD,PVD,KPVD,Rhode Island T. F. Green International Airport,P-S,"2,117,409",United States,RHODE ISLAND,"""2000 Post Rd, Warwick, RI 02886"""
Westerly,WST,WST,KWST,Westerly State Airport,P-N,"17,694",United States,RHODE ISLAND,"""56 Airport Rd, Westerly, RI 02891"""
Charleston,CHS,CHS,KCHS,Charleston International Airport / Charleston AFB,P-S,"2,192,893",United States,SOUTH CAROLINA,"""5500 International Blvd, North Charleston, SC 29418"""
Columbia,CAE,CAE,KCAE,Columbia Metropolitan Airport,P-S,"566,660",United States,SOUTH CAROLINA,"""3250 Airport Blvd, West Columbia, SC 29170"""
Florence,FLO,FLO,KFLO,Florence Regional Airport,P-N,"44,333",United States,SOUTH CAROLINA,"""2100 Terminal Dr, Florence, SC 29501"""
Greenville,GSP,GSP,KGSP,Greenville–Spartanburg International Airport (Roger Milliken Field),P-S,"1,133,012",United States,SOUTH CAROLINA,"""2000 GSP Dr, Greer, SC 29651"""
Hilton Head,HXD,HHH,KHXD,Hilton Head Airport,P-N,"36,308",United States,SOUTH CAROLINA,"""120 Beach City Rd, Hilton Head Island, SC 29926"""
Myrtle Beach,MYR,MYR,KMYR,Myrtle Beach International Airport,P-S,"1,254,307",United States,SOUTH CAROLINA,"""1100 Jetport Rd, Myrtle Beach, SC 29577"""
Aberdeen,ABR,ABR,KABR,Aberdeen Regional Airport,P-N,"28,404",United States,SOUTH DAKOTA,"""4740 6th Ave SE, Aberdeen, SD 57401"""
Pierre,PIR,PIR,KPIR,Pierre Regional Airport,P-N,"30,124",United States,SOUTH DAKOTA,"""3800 Airport Rd #209, Pierre, SD 57501"""
Rapid City,RAP,RAP,KRAP,Rapid City Regional Airport,P-N,"303,471",United States,SOUTH DAKOTA,"""4550 Terminal Rd, Rapid City, SD 57703"""
Sioux Falls,FSD,FSD,KFSD,Joe Foss Field,P-S,"529,895",United States,SOUTH DAKOTA,"""2801 N Jaycee Ln, Sioux Falls, SD 57104"""
Watertown,ATY,ATY,KATY,Watertown Regional Airport,P-N,"12,064",United States,SOUTH DAKOTA,"""550 Airport Dr, Watertown, SD 57201"""
Chattanooga,CHA,CHA,KCHA,Lovell Field,P-S,"504,833",United States,TENNESSEE,"""1001 Airport Rd, Chattanooga, TN 37421"""
Knoxville,TYS,TYS,KTYS,McGhee Tyson Airport,P-S,"1,069,565",United States,TENNESSEE,"""2055 Alcoa Hwy, Alcoa, TN 37701"""
Memphis,MEM,MEM,KMEM,Memphis International Airport,P-S,"2,213,083",United States,TENNESSEE,"""2491 Winchester Rd, Memphis, TN 38116"""
Nashville,BNA,BNA,KBNA,Nashville International Airport (Berry Field),P-M,"8,017,347",United States,TENNESSEE,"""1 Terminal Dr, Nashville, TN 37214"""
Tri-Cities,TRI,TRI,KTRI,Tri-Cities Airport,P-N,"200,086",United States,TENNESSEE,"""2525 TN-75 Suite 301, Blountville, TN 37617"""
Abilene,ABI,ABI,KABI,Abilene Regional Airport,P-N,"77,229",United States,TEXAS,"""2933 Airport Blvd, Abilene, TX 79602"""
Amarillo,AMA,AMA,KAMA,Rick Husband Amarillo International Airport,P-N,"355,705",United States,TEXAS,"""10801 Airport Blvd, Amarillo, TX 79111"""
Austin,AUS,AUS,KAUS,Austin–Bergstrom International Airport,P-M,"7,714,479",United States,TEXAS,"""3600 Presidential Blvd, Austin, TX 78719"""
Beaumont,BPT,BPT,KBPT,Jack Brooks Regional Airport (was Southeast Texas Regional),P-N,"27,694",United States,TEXAS,"""US-69, Beaumont, TX 77705"""
Brownsville,BRO,BRO,KBRO,Brownsville/South Padre Island International Airport,P-N,"115,711",United States,TEXAS,"""700 Amelia Earhart Dr, Brownsville, TX 78521"""
College Station,CLL,CLL,KCLL,Easterwood Field,P-N,"79,309",United States,TEXAS,"""1 McKenzie Terminal Blvd, College Station, TX 77845"""
Corpus Christi,CRP,CRP,KCRP,Corpus Christi International Airport,P-N,"332,499",United States,TEXAS,"""1000 International Dr, Corpus Christi, TX 78406"""
Dallas,DAL,DAL,KDAL,Dallas Love Field,P-M,"8,011,221",United States,TEXAS,"""8008 Herb Kelleher Way, Dallas, TX 75235"""
Dallas,DFW,DFW,KDFW,Dallas Fort Worth International Airport,P-L,"32,821,799",United States,TEXAS,"""2400 Aviation Dr, DFW Airport, TX 75261"""
El Paso,ELP,ELP,KELP,El Paso International Airport,P-S,"1,605,486",United States,TEXAS,"""6701 Convair Rd, El Paso, TX 79925"""
Harlingen,HRL,HRL,KHRL,Valley International Airport,P-N,"302,236",United States,TEXAS,"""3002 Heritage Way, Harlingen, TX 78550"""
Houston,IAH,IAH,KIAH,George Bush Intercontinental/Houston Airport,P-L,"21,157,398",United States,TEXAS,"""2800 N Terminal Rd, Houston, TX 77032"""
Houston,HOU,HOU,KHOU,William P. Hobby Airport,P-M,"7,053,886",United States,TEXAS,"""7800 Airport Blvd, Houston, TX 77061"""
Killeen,GRK,GRK,KGRK,Killeen–Fort Hood Regional Airport / Robert Gray Army Airfield,P-N,"154,328",United States,TEXAS,"""8101 S Clear Creek Rd, Killeen, TX 76549"""
Laredo,LRD,LRD,KLRD,Laredo International Airport,P-N,"95,858",United States,TEXAS,"""5210 Bob Bullock Loop, Laredo, TX 78041"""
Longview,GGG,GGG,KGGG,East Texas Regional Airport,P-N,"24,588",United States,TEXAS,"""269 Terminal Cir, Longview, TX 75603"""
Lubbock,LBB,LBB,KLBB,Lubbock Preston Smith International Airport,P-S,"484,010",United States,TEXAS,"""5401 N Martin L King Blvd, Lubbock, TX 79403"""
McAllen,MFE,MFE,KMFE,McAllen Miller International Airport,P-N,"347,440",United States,TEXAS,"""2500 S Bicentennial Blvd, McAllen, TX 78503"""
Midland / Odessa,MAF,MAF,KMAF,Midland International Air and Space Port,P-S,"618,794",United States,TEXAS,"""9506 La Force Blvd, Midland, TX 79706"""
San Angelo,SJT,SJT,KSJT,San Angelo Regional Airport (Mathis Field),P-N,"55,301",United States,TEXAS,"""8618 Terminal Cir, San Angelo, TX 76904"""
San Antonio,SAT,SAT,KSAT,San Antonio International Airport,P-M,"4,844,427",United States,TEXAS,"""9800 Airport Blvd, San Antonio, TX 78216"""
Tyler,TYR,TYR,KTYR,Tyler Pounds Regional Airport,P-N,"48,532",United States,TEXAS,"""700 Skyway Blvd, Tyler, TX 75704"""
Waco,ACT,ACT,KACT,Waco Regional Airport,P-N,"57,344",United States,TEXAS,"""7909 Karl May Dr, Waco, TX 76708"""
Wichita Falls,SPS,SPS,KSPS,Wichita Falls Municipal Airport / Sheppard Air Force Base,P-N,"38,026",United States,TEXAS,"""4000 Armstrong Dr, Wichita Falls, TX 76305"""
Cedar City,CDC,CDC,KCDC,Cedar City Regional Airport,P-N,"15,835",United States,UTAH,"""2560 Aviation Way St, Cedar City, UT 84721"""
Moab,CNY,CNY,KCNY,Canyonlands Regional Airport,P-N,"14,035",United States,UTAH,"""110 W Aviation Way, Moab, UT 84532"""
Ogden,OGD,OGD,KOGD,Ogden-Hinckley Airport,P-N,"18,327",United States,UTAH,"""3909 Airport Rd, Ogden, UT 84405"""
Provo,PVU,PVU,KPVU,Provo Municipal Airport,P-N,"80,106",United States,UTAH,"""1331 Sky Way, Provo, UT 84601"""
St. George,SGU,SGU,KSGU,St. George Regional Airport,P-N,"123,060",United States,UTAH,"""4550 S Airport Pkwy, St. George, UT 84790"""
Salt Lake City,SLC,SLC,KSLC,Salt Lake City International Airport,P-L,"12,226,730",United States,UTAH,"""W Terminal Dr, Salt Lake City, UT 84122"""
Vernal,VEL,VEL,KVEL,Vernal Regional Airport (was Vernal-Uintah Co. Airport),P-N,"10,658",United States,UTAH,"""760 E 800 S, Vernal, UT 84078"""
Burlington,BTV,BTV,KBTV,Burlington International Airport,P-S,"658,879",United States,VERMONT,"""1200 Airport Dr, South Burlington, VT 05403"""
Charlottesville,CHO,CHO,KCHO,Charlottesville–Albemarle Airport,P-N,"352,816",United States,VIRGINIA,"""100 Bowen Loop #200, Charlottesville, VA 22911"""
Lynchburg,LYH,LYH,KLYH,Lynchburg Regional Airport (Preston Glenn Field),P-N,"83,392",United States,VIRGINIA,"""350 Terminal Dr Suite 100, Lynchburg, VA 24502"""
Newport News,PHF,PHF,KPHF,Newport News/Williamsburg International Airport (Patrick Henry Field),P-N,"195,573",United States,VIRGINIA,"""900 Bland Blvd, Newport News, VA 23602"""
Norfolk,ORF,ORF,KORF,Norfolk International Airport,P-S,"1,846,031",United States,VIRGINIA,"""2200 Norview Ave, Norfolk, VA 23518"""
Richmond,RIC,RIC,KRIC,Richmond International Airport (Byrd Field),P-S,"2,048,691",United States,VIRGINIA,"""1 Richard E Byrd Terminal Dr, Richmond, VA 23250"""
Roanoke,ROA,ROA,KROA,Roanoke–Blacksburg Regional Airport (Woodrum Field),P-N,"330,063",United States,VIRGINIA,"""5202 Aviation Dr NW, Roanoke, VA 24012"""
Staunton / Waynesboro / Harrisonburg,SHD,SHD,KSHD,Shenandoah Valley Regional Airport,P-N,"12,179",United States,VIRGINIA,"""77 Aviation Cir, Weyers Cave, VA 24486"""
"Washington, D.C. / Arlington",DCA,DCA,KDCA,Ronald Reagan Washington National Airport,P-L,"11,366,771",United States,VIRGINIA,"""2401 Ronald Reagan Washington National Airport Access Rd, Arlington, VA 22202"""
"Washington, D.C. / Dulles / Chantilly",IAD,IAD,KIAD,Washington Dulles International Airport,P-L,"11,621,623",United States,VIRGINIA,"""1 Saarinen Cir, Dulles, VA 20166"""
Bellingham,BLI,BLI,KBLI,Bellingham International Airport,P-N,"368,186",United States,WASHINGTON,"""4255 Mitchell Way, Bellingham, WA 98226"""
Eastsound,ORS,ESD,KORS,Orcas Island Airport,P-N,"10,101",United States,WASHINGTON,"""147 Schoen Ln, Eastsound, WA 98245"""
Friday Harbor,FHR,FRD,KFHR,Friday Harbor Airport,P-N,"13,497",United States,WASHINGTON,"""800 Franklin Rd, Friday Harbor, WA 98250"""
Pasco,PSC,PSC,KPSC,Tri-Cities Airport,P-N,"395,348",United States,WASHINGTON,"""3601 N 20th Ave, Pasco, WA 99301"""
"Pullman / Moscow, Idaho",PUW,PUW,KPUW,Pullman–Moscow Regional Airport,P-N,"66,669",United States,WASHINGTON,"""3200 Airport Complex North, Pullman, WA 99163"""
Seattle,BFI,BFI,KBFI,King County International Airport (Boeing Field),P-N,"18,586",United States,WASHINGTON,"""7277 Perimeter Rd S, Seattle, WA 98108"""
Seattle / Tacoma (SeaTac),SEA,SEA,KSEA,Seattle–Tacoma International Airport,P-L,"24,024,908",United States,WASHINGTON,"""17801 International Blvd, Seattle, WA 98158"""
Spokane,GEG,GEG,KGEG,Spokane International Airport (Geiger Field),P-S,"1,872,781",United States,WASHINGTON,"""9000 W Airport Dr, Spokane, WA 99224"""
Walla Walla,ALW,ALW,KALW,Walla Walla Regional Airport,P-N,"49,527",United States,WASHINGTON,"""45 Terminal Loop, Walla Walla, WA 99362"""
Wenatchee,EAT,EAT,KEAT,Pangborn Memorial Airport,P-N,"64,528",United States,WASHINGTON,"""1 Pangborn Drive, East Wenatchee, WA 98802"""
Yakima,YKM,YKM,KYKM,Yakima Air Terminal (McAllister Field),P-N,"69,510",United States,WASHINGTON,"""2300 W Washington Ave, Yakima, WA 98903"""
Charleston,CRW,CRW,KCRW,Yeager Airport,P-N,"216,873",United States,WEST VIRGINIA,"""100 Airport Rd #175, Charleston, WV 25311"""
Clarksburg,CKB,CKB,KCKB,North Central West Virginia Airport (was Harrison-Marion Regional),P-N,"36,917",United States,WEST VIRGINIA,"""2000 Aviation Way, Bridgeport, WV 26330"""
Huntington,HTS,HTS,KHTS,Tri-State Airport (Milton J. Ferguson Field),P-N,"101,701",United States,WEST VIRGINIA,"""1449 Co Rte 3/1, Huntington, WV 25704"""
Lewisburg,LWB,LWB,KLWB,Greenbrier Valley Airport,P-N,"10,359",United States,WEST VIRGINIA,"""558 Airport Rd, Lewisburg, WV 24901"""
Appleton,ATW,ATW,KATW,Appleton International Airport,P-S,"348,026",United States,WISCONSIN,"""W6390 Challenger Dr, Appleton, WI 54914"""
Eau Claire,EAU,EAU,KEAU,Chippewa Valley Regional Airport,P-N,"23,950",United States,WISCONSIN,"""3800 Starr Ave, Eau Claire, WI 54703"""
Green Bay,GRB,GRB,KGRB,Green Bay–Austin Straubel International Airport,P-N,"314,909",United States,WISCONSIN,"""2077 Airport Dr, Green Bay, WI 54313"""
La Crosse,LSE,LSE,KLSE,La Crosse Regional Airport,P-N,"99,651",United States,WISCONSIN,"""2850 Airport Rd, La Crosse, WI 54603"""
Madison,MSN,MSN,KMSN,Dane County Regional Airport (Truax Field),P-S,"1,043,185",United States,WISCONSIN,"""4000 International Ln, Madison, WI 53704"""
Milwaukee,MKE,MKE,KMKE,Milwaukee Mitchell International Airport,P-M,"3,496,724",United States,WISCONSIN,"""5300 S Howell Ave, Milwaukee, WI 53207"""
Mosinee,CWA,CWA,KCWA,Central Wisconsin Airport,P-N,"124,632",United States,WISCONSIN,"""100 CWA Dr, Mosinee, WI 54455"""
Rhinelander,RHI,RHI,KRHI,Rhinelander–Oneida County Airport,P-N,"24,477",United States,WISCONSIN,"""3375 Airport Rd, Rhinelander, WI 54501"""
Casper,CPR,CPR,KCPR,Casper–Natrona County International Airport,P-N,"86,905",United States,WYOMING,"""8500 Airport Pkwy, Casper, WY 82604"""
Cody,COD,COD,KCOD,Yellowstone Regional Airport,P-N,"39,407",United States,WYOMING,"""2101 Roger Sedam Drive, Cody, WY 82414"""
Gillette,GCC,GCC,KGCC,Gillette–Campbell County Airport,P-N,"27,136",United States,WYOMING,"""2000 Airport Rd, Gillette, WY 82716"""
Jackson,JAC,JAC,KJAC,Jackson Hole Airport,P-N,"381,539",United States,WYOMING,"""1250 E Airport Rd #159, Jackson, WY 83001"""
Laramie,LAR,LAR,KLAR,Laramie Regional Airport,P-N,"17,188",United States,WYOMING,"""555 N General Brees Rd, Laramie, WY 82070"""
Riverton,RIW,RIW,KRIW,Central Wyoming Regional Airport (was Riverton Regional),P-N,"11,811",United States,WYOMING,"""4800 Airport Rd, Riverton, WY 82501"""
Rock Springs,RKS,RKS,KRKS,Southwest Wyoming Regional Airport (Rock Springs–Sweetwater County Airport),P-N,"23,020",United States,WYOMING,"""382 WY-370, Rock Springs, WY 82901"""
Sheridan,SHR,SHR,KSHR,Sheridan County Airport,P-N,"13,182",United States,WYOMING,"""908 W Brundage Ln, Sheridan, WY 82801"""
"Pago Pago, Tutuila",PPG,PPG,NSTU,Pago Pago International Airport,P-N,"74,495",United States,AMERICAN SAMOA,"""M79R+V22, Tafuna, Western District, American Samoa"""
Agana / Tamuning,GUM,GUM,PGUM,Antonio B. Won Pat International Airport,P-S,"1,736,131",United States,GUAM,"""355 Chalan Pasaheru B224-A, Tamuning, 96913, Guam"""
"Obyan, Saipan Island",GSN,SPN,PGSN,Saipan International Airport (Francisco C. Ada),P-S,"595,181",United States,NORTHERN MARIANAS,"""I Fadang, Saipan 96950, Northern Mariana Islands"
Rota Island,GRO,ROP,PGRO,Rota International Airport,P-N,"11,625",United States,NORTHERN MARIANAS,"""56CV+RG2, Sinapalu, Rota Island 96951, Northern Mariana Islands"""
Tinian Island,TNI,TIQ,PGWT,Tinian International Airport (West Tinian),P-N,"38,664",United States,NORTHERN MARIANAS,"""Tinian 96952, Northern Mariana Islands"""
Aguadilla,BQN,BQN,TJBQ,Rafael Hernández Airport,P-N,"294,921",United States,PUERTO RICO,"""FVW7+5Q3, Hangar Rd, Aguadilla Pueblo, Aguadilla 00603, Puerto Rico"""
Ceiba,RVR,NRR,TJRV,José Aponte de la Torre Airport,P-N,"21,870",United States,PUERTO RICO,"""7934+C96, Antigua Base Naval Roosevelt Route, Ceiba, 00735, Puerto Rico"""
Culebra,CPX,CPX,TJCP,Benjamín Rivera Noriega Airport,P-N,"14,612",United States,PUERTO RICO,"""8M6W+XCQ, PR-251, Culebra, 00775, Puerto Rico"""
Ponce,PSE,PSE,TJPS,Mercedita Airport,P-N,"91,966",United States,PUERTO RICO,"""2C6P+6PF, PR-1, Ponce, 00715, Puerto Rico"""
San Juan,SIG,SIG,TJIG,Fernando Luis Ribas Dominicci Airport (Isla Grande Airport),P-N,"14,106",United States,PUERTO RICO,"""42 C. Lindbergh, San Juan, 00901, Puerto Rico"""
San Juan / Carolina,SJU,SJU,TJSJ,Luis Muñoz Marín International Airport,P-M,"4,033,412",United States,PUERTO RICO,"""CXQV+2V6, Arrivals Ave, Carolina, 00979, Puerto Rico"""
Vieques,VQS,VQS,TJVQ,Antonio Rivera Rodríguez Airport,P-N,"29,022",United States,PUERTO RICO,"""Km. 2.6, PR-200, Vieques, 00765, Puerto Rico"""
"Charlotte Amalie, St. Thomas",STT,STT,TIST,Cyril E. King Airport,P-N,"417,871",United States,U.S. VIRGIN ISLANDS,"""Airport Rd, Charlotte Amalie West, St Thomas 00802, U.S. Virgin Islands"""
"Christiansted, St. Croix",STX,STX,TISX,Henry E. Rohlsen Airport,P-N,"212,812",United States,U.S. VIRGIN ISLANDS,"""M6X3+Q2R, Christiansted, St Croix 00821, U.S. Virgin Islands"""
